"Trip_ID","Energy"
"TRIP00001",353.423796145962
"TRIP00002",442.312581235554
"TRIP00003",329.307787024391
"TRIP00004",421.322006632208
"TRIP00005",424.572621361601
"TRIP00006",447.473073787885
"TRIP00007",250.914055008848
"TRIP00008",348.220704693749
"TRIP00009",581.823551209184
"TRIP00010",398.737849748545
"TRIP00011",451.528409307683
"TRIP00012",518.254456999496
"TRIP00013",267.043589575316
"TRIP00014",465.833253558867
"TRIP00015",368.24355187681
"TRIP00016",622.072771720348
"TRIP00017",259.061348235969
"TRIP00018",NA
"TRIP00019",352.61825218159
"TRIP00020",404.606665933286
"TRIP00021",545.14316280903
"TRIP00022",396.230295029059
"TRIP00023",733.360849933903
"TRIP00024",320.318732036389
"TRIP00025",251.479859238214
"TRIP00026",376.866787939059
"TRIP00027",368.783846305369
"TRIP00028",237.428747010678
"TRIP00029",528.922954746878
"TRIP00030",308.593706908573
"TRIP00031",NA
"TRIP00032",331.759377722127
"TRIP00033",381.940503637427
"TRIP00034",326.852477381731
"TRIP00035",309.435366252516
"TRIP00036",375.203289810581
"TRIP00037",386.915408228299
"TRIP00038",470.358702147286
"TRIP00039",560.322026630226
"TRIP00040",431.603944185192
"TRIP00041",497.875451203009
"TRIP00042",482.03778070276
"TRIP00043",266.026256960745
"TRIP00044",478.934890869651
"TRIP00045",484.108059717814
"TRIP00046",247.600682571371
"TRIP00047",429.438280855502
"TRIP00048",333.695953843389
"TRIP00049",311.798187095854
"TRIP00050",214.949010561404
"TRIP00051",325.066693620987
"TRIP00052",264.678051293061
"TRIP00053",461.70464451859
"TRIP00054",534.873010077896
"TRIP00055",383.975534019394
"TRIP00056",401.934018814773
"TRIP00057",386.052561394605
"TRIP00058",NA
"TRIP00059",365.202453178365
"TRIP00060",431.901087136203
"TRIP00061",576.631968898639
"TRIP00062",158.598460587957
"TRIP00063",562.85324492192
"TRIP00064",401.451954966765
"TRIP00065",525.813074620704
"TRIP00066",192.018626866504
"TRIP00067",442.977797442739
"TRIP00068",423.775612801875
"TRIP00069",240.847212498946
"TRIP00070",297.527687628867
"TRIP00071",429.179283240667
"TRIP00072",305.159560450141
"TRIP00073",307.956355143732
"TRIP00074",415.190601605494
"TRIP00075",478.937832476234
"TRIP00076",314.6552479148
"TRIP00077",390.266639930829
"TRIP00078",NA
"TRIP00079",356.743590186692
"TRIP00080",367.112640772952
"TRIP00081",304.555073051056
"TRIP00082",296.22914125595
"TRIP00083",515.069961577449
"TRIP00084",475.264907281578
"TRIP00085",261.983651064556
"TRIP00086",167.046662797098
"TRIP00087",190.600085569666
"TRIP00088",NA
"TRIP00089",NA
"TRIP00090",385.619435350751
"TRIP00091",430.592697080254
"TRIP00092",413.33448696843
"TRIP00093",268.424271478567
"TRIP00094",323.411303074276
"TRIP00095",384.321151799568
"TRIP00096",378.378551439207
"TRIP00097",201.666925874319
"TRIP00098",336.693335732682
"TRIP00099",505.866253075225
"TRIP00100",467.933346944218
"TRIP00101",474.800190034196
"TRIP00102",447.700335656405
"TRIP00103",494.50349585086
"TRIP00104",365.605141399919
"TRIP00105",383.886126214936
"TRIP00106",278.553264398511
"TRIP00107",381.936695717016
"TRIP00108",343.14041921023
"TRIP00109",390.804566150924
"TRIP00110",391.502665386249
"TRIP00111",387.995399032793
"TRIP00112",270.176655318671
"TRIP00113",329.747366185968
"TRIP00114",396.333665226553
"TRIP00115",596.66646201172
"TRIP00116",252.898106357761
"TRIP00117",308.812260232185
"TRIP00118",396.361055450529
"TRIP00119",284.802005371715
"TRIP00120",368.168688342874
"TRIP00121",367.767846765283
"TRIP00122",343.318287672065
"TRIP00123",NA
"TRIP00124",394.997065868892
"TRIP00125",433.31774109745
"TRIP00126",522.54473657967
"TRIP00127",308.710478212238
"TRIP00128",305.998668422992
"TRIP00129",423.798368618742
"TRIP00130",574.512308692664
"TRIP00131",368.884324603249
"TRIP00132",365.131750862234
"TRIP00133",321.936235010275
"TRIP00134",587.988136612604
"TRIP00135",120.090045801376
"TRIP00136",383.088978355235
"TRIP00137",417.033182223071
"TRIP00138",273.638980026467
"TRIP00139",410.673580310405
"TRIP00140",230.733692868517
"TRIP00141",415.653771000535
"TRIP00142",219.283057968196
"TRIP00143",161.382963612623
"TRIP00144",296.665051002867
"TRIP00145",354.642555588311
"TRIP00146",390.993293780367
"TRIP00147",361.1414807371
"TRIP00148",396.972109961297
"TRIP00149",248.150626486949
"TRIP00150",479.376326636818
"TRIP00151",407.400574132737
"TRIP00152",548.431745766715
"TRIP00153",380.153301871974
"TRIP00154",540.25933238068
"TRIP00155",450.598727687682
"TRIP00156",319.155456678491
"TRIP00157",222.825033601097
"TRIP00158",291.083791409203
"TRIP00159",323.816544157003
"TRIP00160",511.361612163088
"TRIP00161",NA
"TRIP00162",406.131227693485
"TRIP00163",235.536316678306
"TRIP00164",344.123111070568
"TRIP00165",363.079439297561
"TRIP00166",325.925059851846
"TRIP00167",280.191230468637
"TRIP00168",275.440476797491
"TRIP00169",458.390047902935
"TRIP00170",408.380464902568
"TRIP00171",396.839031369692
"TRIP00172",117.853195019112
"TRIP00173",297.00631038569
"TRIP00174",335.105313020788
"TRIP00175",237.79426419653
"TRIP00176",NA
"TRIP00177",425.31428621123
"TRIP00178",470.136578166472
"TRIP00179",627.528829172927
"TRIP00180",513.722192727104
"TRIP00181",556.33062931282
"TRIP00182",353.719067245433
"TRIP00183",454.177127004221
"TRIP00184",559.484277922855
"TRIP00185",416.77384075477
"TRIP00186",NA
"TRIP00187",253.055054370869
"TRIP00188",361.281094422395
"TRIP00189",395.672400756326
"TRIP00190",383.447449106242
"TRIP00191",422.620547043669
"TRIP00192",290.938239892878
"TRIP00193",405.694613112308
"TRIP00194",501.169801269703
"TRIP00195",389.567801816004
"TRIP00196",595.561343347021
"TRIP00197",417.518882148311
"TRIP00198",274.706963367441
"TRIP00199",396.925252599601
"TRIP00200",418.133422295767
"TRIP00201",607.831696833057
"TRIP00202",312.476384893493
"TRIP00203",399.027671063366
"TRIP00204",452.597306978628
"TRIP00205",341.185164541476
"TRIP00206",330.623033484725
"TRIP00207",408.657795841585
"TRIP00208",479.086938683525
"TRIP00209",293.638293333721
"TRIP00210",502.353391102719
"TRIP00211",461.906047312821
"TRIP00212",457.448146921733
"TRIP00213",407.717241862199
"TRIP00214",NA
"TRIP00215",544.710449048271
"TRIP00216",295.380933394192
"TRIP00217",498.150531873175
"TRIP00218",183.473076728444
"TRIP00219",398.678852723591
"TRIP00220",679.197049554289
"TRIP00221",338.335959626038
"TRIP00222",542.427348865722
"TRIP00223",389.485531455272
"TRIP00224",184.24835680984
"TRIP00225",299.004380435248
"TRIP00226",364.352131481896
"TRIP00227",623.635333116902
"TRIP00228",322.493056113698
"TRIP00229",477.36676876549
"TRIP00230",304.041157953754
"TRIP00231",291.612383277909
"TRIP00232",364.876759441234
"TRIP00233",543.86750044641
"TRIP00234",481.830185349494
"TRIP00235",479.725181151901
"TRIP00236",387.134969564662
"TRIP00237",382.632336712295
"TRIP00238",449.588300423278
"TRIP00239",402.276017704027
"TRIP00240",169.985343842239
"TRIP00241",296.003661164775
"TRIP00242",404.920181545543
"TRIP00243",445.566245017585
"TRIP00244",290.358477554854
"TRIP00245",214.254486099709
"TRIP00246",234.603597772749
"TRIP00247",438.413634940931
"TRIP00248",396.715554309104
"TRIP00249",358.78715648951
"TRIP00250",225.886726748403
"TRIP00251",298.853736432568
"TRIP00252",401.375081382058
"TRIP00253",306.380117715287
"TRIP00254",259.859335512788
"TRIP00255",493.031259125574
"TRIP00256",600.495308728315
"TRIP00257",321.586862500447
"TRIP00258",440.876674231002
"TRIP00259",214.109101155632
"TRIP00260",458.696379091584
"TRIP00261",333.657091948799
"TRIP00262",442.683246369725
"TRIP00263",301.277777196492
"TRIP00264",152.092225903296
"TRIP00265",482.043849362644
"TRIP00266",416.564919550801
"TRIP00267",554.172954133353
"TRIP00268",297.663547957974
"TRIP00269",267.208491376731
"TRIP00270",344.336481089805
"TRIP00271",275.4086848222
"TRIP00272",437.951570506133
"TRIP00273",435.594347297558
"TRIP00274",214.799761255969
"TRIP00275",513.493337439681
"TRIP00276",348.365305494469
"TRIP00277",479.864554358915
"TRIP00278",383.029981470665
"TRIP00279",365.014433091892
"TRIP00280",307.372378394472
"TRIP00281",332.055100952319
"TRIP00282",247.48775427667
"TRIP00283",165.757090923063
"TRIP00284",343.141400809683
"TRIP00285",365.756109852835
"TRIP00286",536.062673366976
"TRIP00287",513.548763005987
"TRIP00288",562.663601265349
"TRIP00289",520.019351416921
"TRIP00290",574.2529884549
"TRIP00291",233.307037724985
"TRIP00292",442.916930618744
"TRIP00293",498.60426448985
"TRIP00294",NA
"TRIP00295",519.424700979036
"TRIP00296",369.771418524523
"TRIP00297",380.06355798617
"TRIP00298",345.416403441894
"TRIP00299",343.321279661194
"TRIP00300",440.80813304976
"TRIP00301",479.650217406344
"TRIP00302",510.422966045493
"TRIP00303",457.321653609853
"TRIP00304",458.660322567479
"TRIP00305",268.259331236651
"TRIP00306",584.654932379017
"TRIP00307",684.107138880712
"TRIP00308",608.497895749853
"TRIP00309",317.200191186885
"TRIP00310",242.426251607108
"TRIP00311",298.686429852781
"TRIP00312",478.087718511599
"TRIP00313",391.262058643256
"TRIP00314",290.72947137055
"TRIP00315",268.903624681448
"TRIP00316",493.404335051839
"TRIP00317",373.679788691326
"TRIP00318",392.146114333055
"TRIP00319",389.123806245601
"TRIP00320",357.276539546022
"TRIP00321",312.2178314391
"TRIP00322",175.968025228602
"TRIP00323",396.593181393879
"TRIP00324",480.395983226215
"TRIP00325",344.322522968394
"TRIP00326",317.384052364987
"TRIP00327",670.549008125776
"TRIP00328",270.308184702531
"TRIP00329",NA
"TRIP00330",450.518223168551
"TRIP00331",562.184554510637
"TRIP00332",265.782830001213
"TRIP00333",324.668213746364
"TRIP00334",353.118789010057
"TRIP00335",450.41888739605
"TRIP00336",329.306560041418
"TRIP00337",511.081312675401
"TRIP00338",345.836552682829
"TRIP00339",393.846539285166
"TRIP00340",478.369678912656
"TRIP00341",334.864214088537
"TRIP00342",371.328262647362
"TRIP00343",228.421564842078
"TRIP00344",501.502508108603
"TRIP00345",391.259722210734
"TRIP00346",316.487532692675
"TRIP00347",286.455980186468
"TRIP00348",366.713320991837
"TRIP00349",326.17701580066
"TRIP00350",369.419076794154
"TRIP00351",226.553659441385
"TRIP00352",546.94537715147
"TRIP00353",490.568538749179
"TRIP00354",404.663898139555
"TRIP00355",455.848845125717
"TRIP00356",NA
"TRIP00357",457.290782907509
"TRIP00358",362.354245437213
"TRIP00359",242.87808763808
"TRIP00360",334.142496039424
"TRIP00361",367.532244979257
"TRIP00362",394.611131286069
"TRIP00363",520.759852461452
"TRIP00364",335.903518788118
"TRIP00365",333.978798890001
"TRIP00366",NA
"TRIP00367",592.877355241205
"TRIP00368",364.229940176263
"TRIP00369",635.001588379595
"TRIP00370",NA
"TRIP00371",357.386161938468
"TRIP00372",281.38347076384
"TRIP00373",422.636374685875
"TRIP00374",667.159690359911
"TRIP00375",391.837294236445
"TRIP00376",587.425414629549
"TRIP00377",509.476800240145
"TRIP00378",778.60616659928
"TRIP00379",509.400427220366
"TRIP00380",210.985327730517
"TRIP00381",248.248131763398
"TRIP00382",171.504173778983
"TRIP00383",190.836442645123
"TRIP00384",593.124904340906
"TRIP00385",370.302662161933
"TRIP00386",495.239638926673
"TRIP00387",505.623340464452
"TRIP00388",320.396180366181
"TRIP00389",345.965606257445
"TRIP00390",408.769440248794
"TRIP00391",345.784522742959
"TRIP00392",277.836176317198
"TRIP00393",575.985664939528
"TRIP00394",521.111185271507
"TRIP00395",415.616635157429
"TRIP00396",121.20621694164
"TRIP00397",443.640372719815
"TRIP00398",558.316669102148
"TRIP00399",548.038413074972
"TRIP00400",377.473313339086
"TRIP00401",337.076460102033
"TRIP00402",341.996290844419
"TRIP00403",348.541176152434
"TRIP00404",301.093852458214
"TRIP00405",659.81962956659
"TRIP00406",378.774144657387
"TRIP00407",184.497460097073
"TRIP00408",143.668410730679
"TRIP00409",338.464760043069
"TRIP00410",NA
"TRIP00411",172.453082497897
"TRIP00412",356.641700230257
"TRIP00413",388.500292995541
"TRIP00414",NA
"TRIP00415",219.342587506035
"TRIP00416",234.888246834708
"TRIP00417",261.720946149342
"TRIP00418",401.908055735835
"TRIP00419",479.274340641877
"TRIP00420",NA
"TRIP00421",293.341418286574
"TRIP00422",366.483525508209
"TRIP00423",428.33369121947
"TRIP00424",422.221802243887
"TRIP00425",567.162839817901
"TRIP00426",373.419203491163
"TRIP00427",394.885344528978
"TRIP00428",355.819973663506
"TRIP00429",219.926016476139
"TRIP00430",509.952226507796
"TRIP00431",353.562877439349
"TRIP00432",813.399442159241
"TRIP00433",303.299618315143
"TRIP00434",478.313123433943
"TRIP00435",358.176793062035
"TRIP00436",592.591718844263
"TRIP00437",364.657067589424
"TRIP00438",335.628412332432
"TRIP00439",328.396054285871
"TRIP00440",249.077448898579
"TRIP00441",380.609844932781
"TRIP00442",414.595479607406
"TRIP00443",344.695842901653
"TRIP00444",386.621470326237
"TRIP00445",477.721713991272
"TRIP00446",472.571060676335
"TRIP00447",390.380145456126
"TRIP00448",276.755909705646
"TRIP00449",384.347204652207
"TRIP00450",300.340594456682
"TRIP00451",NA
"TRIP00452",639.560490188938
"TRIP00453",404.09950681276
"TRIP00454",351.188364953628
"TRIP00455",511.888899893169
"TRIP00456",368.596877803826
"TRIP00457",472.641849262879
"TRIP00458",338.59607929386
"TRIP00459",400.486567056716
"TRIP00460",162.677746428441
"TRIP00461",457.630161179022
"TRIP00462",483.468139852273
"TRIP00463",199.544732231256
"TRIP00464",346.549668264317
"TRIP00465",318.707720155074
"TRIP00466",NA
"TRIP00467",444.099871619463
"TRIP00468",502.914638091899
"TRIP00469",NA
"TRIP00470",333.987457685302
"TRIP00471",282.551822526581
"TRIP00472",316.125366568584
"TRIP00473",496.300981810922
"TRIP00474",435.637484366557
"TRIP00475",128.813426638118
"TRIP00476",385.955707516667
"TRIP00477",525.538519301771
"TRIP00478",264.815427212062
"TRIP00479",391.320816322278
"TRIP00480",690.409519047271
"TRIP00481",447.428279065624
"TRIP00482",NA
"TRIP00483",369.57130297073
"TRIP00484",263.174371905521
"TRIP00485",188.896926719734
"TRIP00486",598.48899922075
"TRIP00487",445.379072604357
"TRIP00488",352.418962844717
"TRIP00489",461.778444692056
"TRIP00490",273.856765376413
"TRIP00491",457.759249049903
"TRIP00492",433.847809488778
"TRIP00493",389.479169094141
"TRIP00494",598.248814596865
"TRIP00495",246.325278740024
"TRIP00496",454.576220559116
"TRIP00497",536.076829402439
"TRIP00498",382.196472931616
"TRIP00499",476.139728593565
"TRIP00500",518.13500078
"TRIP00501",422.936144242536
"TRIP00502",358.160252268129
"TRIP00503",332.924543537505
"TRIP00504",287.97915526386
"TRIP00505",535.387994672696
"TRIP00506",NA
"TRIP00507",503.5611638054
"TRIP00508",483.919482469533
"TRIP00509",281.481670923729
"TRIP00510",537.689192484695
"TRIP00511",612.26755357568
"TRIP00512",442.879873357449
"TRIP00513",460.547671999935
"TRIP00514",357.757941566729
"TRIP00515",409.705775454604
"TRIP00516",365.171100769316
"TRIP00517",496.43160636012
"TRIP00518",346.888841591647
"TRIP00519",491.942152438735
"TRIP00520",412.232504023044
"TRIP00521",479.395919366367
"TRIP00522",NA
"TRIP00523",327.696140902445
"TRIP00524",518.252397208286
"TRIP00525",NA
"TRIP00526",430.884456387971
"TRIP00527",580.111496205945
"TRIP00528",NA
"TRIP00529",363.292441256252
"TRIP00530",351.119979435729
"TRIP00531",423.007089172306
"TRIP00532",286.263903601238
"TRIP00533",359.676177172024
"TRIP00534",NA
"TRIP00535",493.254954907948
"TRIP00536",420.662013567311
"TRIP00537",414.001485704512
"TRIP00538",461.013026398407
"TRIP00539",508.148377300372
"TRIP00540",543.317994770663
"TRIP00541",167.0415171491
"TRIP00542",576.156713827828
"TRIP00543",267.340469666444
"TRIP00544",415.907033517182
"TRIP00545",263.06978433169
"TRIP00546",414.720159813511
"TRIP00547",573.319576469172
"TRIP00548",465.562865249464
"TRIP00549",572.3318722758
"TRIP00550",157.470436753326
"TRIP00551",461.074467970751
"TRIP00552",546.70581232066
"TRIP00553",NA
"TRIP00554",243.243005447906
"TRIP00555",433.06978372384
"TRIP00556",174.720932494928
"TRIP00557",555.45202040838
"TRIP00558",256.161999778584
"TRIP00559",329.023180588734
"TRIP00560",448.5634622638
"TRIP00561",226.849878455571
"TRIP00562",554.737280704734
"TRIP00563",NA
"TRIP00564",406.768625215791
"TRIP00565",NA
"TRIP00566",514.167636451083
"TRIP00567",358.953806110504
"TRIP00568",585.861373236302
"TRIP00569",378.531925176644
"TRIP00570",NA
"TRIP00571",451.595823023064
"TRIP00572",494.793240915818
"TRIP00573",258.883040684118
"TRIP00574",436.825498455422
"TRIP00575",477.844020650675
"TRIP00576",516.306866147209
"TRIP00577",379.036565441965
"TRIP00578",496.551621458037
"TRIP00579",544.172445231392
"TRIP00580",551.773957462055
"TRIP00581",503.952210379143
"TRIP00582",421.696826444483
"TRIP00583",425.686781425108
"TRIP00584",472.342697863062
"TRIP00585",479.982481119185
"TRIP00586",239.644280525193
"TRIP00587",232.405738762127
"TRIP00588",328.116471466389
"TRIP00589",436.517005396364
"TRIP00590",469.801747602048
"TRIP00591",340.068555248307
"TRIP00592",208.307945597518
"TRIP00593",530.538480742224
"TRIP00594",416.555598329155
"TRIP00595",647.595841180361
"TRIP00596",527.840763557885
"TRIP00597",248.917684844473
"TRIP00598",445.035746788207
"TRIP00599",287.733479934542
"TRIP00600",520.03250704111
"TRIP00601",596.207315422749
"TRIP00602",372.577465059304
"TRIP00603",233.490494760214
"TRIP00604",526.223430322632
"TRIP00605",200.141628776779
"TRIP00606",624.919180669716
"TRIP00607",470.487901208293
"TRIP00608",181.361550655698
"TRIP00609",536.21229664572
"TRIP00610",423.533041388701
"TRIP00611",107.327589305857
"TRIP00612",395.510585224366
"TRIP00613",218.112116849251
"TRIP00614",305.551017992618
"TRIP00615",368.966874907434
"TRIP00616",442.048201596626
"TRIP00617",695.035383627762
"TRIP00618",NA
"TRIP00619",544.355697040754
"TRIP00620",NA
"TRIP00621",524.627372395881
"TRIP00622",411.60222739471
"TRIP00623",473.403707883546
"TRIP00624",311.270260685446
"TRIP00625",526.461385495061
"TRIP00626",366.474882027947
"TRIP00627",522.77351074675
"TRIP00628",413.086544143482
"TRIP00629",NA
"TRIP00630",315.939317647398
"TRIP00631",466.446924993146
"TRIP00632",394.586974062772
"TRIP00633",347.721723921893
"TRIP00634",353.659389189778
"TRIP00635",456.020030454339
"TRIP00636",553.989516903233
"TRIP00637",611.110909643704
"TRIP00638",543.92928413192
"TRIP00639",420.644366205048
"TRIP00640",453.947678759085
"TRIP00641",NA
"TRIP00642",486.09949992438
"TRIP00643",149.676175526789
"TRIP00644",305.119579767362
"TRIP00645",611.358122456702
"TRIP00646",233.395968079367
"TRIP00647",407.68978627673
"TRIP00648",293.595879828701
"TRIP00649",403.878501070132
"TRIP00650",442.104467768492
"TRIP00651",405.854848967094
"TRIP00652",295.58043486579
"TRIP00653",539.911873928333
"TRIP00654",571.947207981352
"TRIP00655",429.11308756187
"TRIP00656",371.98481563265
"TRIP00657",440.917542949655
"TRIP00658",495.814471887154
"TRIP00659",NA
"TRIP00660",447.065985084962
"TRIP00661",381.471974161294
"TRIP00662",281.628209333556
"TRIP00663",547.149970342202
"TRIP00664",454.779315816465
"TRIP00665",266.451998013705
"TRIP00666",391.60474352141
"TRIP00667",510.961635300058
"TRIP00668",610.768527621823
"TRIP00669",316.741643139917
"TRIP00670",198.155735532404
"TRIP00671",293.82168866823
"TRIP00672",354.668236269601
"TRIP00673",335.894573468454
"TRIP00674",377.753546744568
"TRIP00675",386.974414253894
"TRIP00676",NA
"TRIP00677",350.309828127685
"TRIP00678",277.380178436646
"TRIP00679",357.413879840451
"TRIP00680",454.333063394221
"TRIP00681",335.672877321497
"TRIP00682",275.206013605705
"TRIP00683",289.864468268102
"TRIP00684",NA
"TRIP00685",539.16064290262
"TRIP00686",235.08336731313
"TRIP00687",293.650580699505
"TRIP00688",202.652541147256
"TRIP00689",166.946475560433
"TRIP00690",361.521334190678
"TRIP00691",NA
"TRIP00692",574.141296736592
"TRIP00693",429.512854563329
"TRIP00694",342.205310850824
"TRIP00695",425.628755651681
"TRIP00696",500.769330901897
"TRIP00697",121.889990997074
"TRIP00698",456.525052604633
"TRIP00699",364.8323095952
"TRIP00700",380.349173965725
"TRIP00701",268.076333794837
"TRIP00702",461.363198380759
"TRIP00703",182.172911598178
"TRIP00704",361.209478561372
"TRIP00705",227.405937632832
"TRIP00706",370.909589439014
"TRIP00707",464.735040561963
"TRIP00708",358.481989533151
"TRIP00709",252.50324513491
"TRIP00710",362.406911855933
"TRIP00711",312.423108162337
"TRIP00712",295.586684314442
"TRIP00713",314.098753742978
"TRIP00714",416.578748543442
"TRIP00715",274.539077374114
"TRIP00716",381.758628682159
"TRIP00717",482.150997986933
"TRIP00718",422.068190293748
"TRIP00719",554.3487805612
"TRIP00720",235.929186058326
"TRIP00721",515.9221703502
"TRIP00722",416.120443746605
"TRIP00723",258.242214224043
"TRIP00724",352.631517974383
"TRIP00725",245.082158249639
"TRIP00726",529.984342578626
"TRIP00727",420.667897397249
"TRIP00728",352.006372923591
"TRIP00729",346.558288839505
"TRIP00730",382.407948867164
"TRIP00731",465.61082566057
"TRIP00732",450.509656051875
"TRIP00733",491.781629152994
"TRIP00734",299.322647978032
"TRIP00735",479.297400829257
"TRIP00736",502.523765939377
"TRIP00737",555.784626015983
"TRIP00738",467.309609673491
"TRIP00739",347.520141936932
"TRIP00740",469.360044907639
"TRIP00741",232.441564583614
"TRIP00742",394.453206699538
"TRIP00743",NA
"TRIP00744",NA
"TRIP00745",122.073424685916
"TRIP00746",324.303917513319
"TRIP00747",473.702866207744
"TRIP00748",298.114917613201
"TRIP00749",556.874274296955
"TRIP00750",498.536107746066
"TRIP00751",239.087111116305
"TRIP00752",351.552702356066
"TRIP00753",518.290653442268
"TRIP00754",558.066341679352
"TRIP00755",NA
"TRIP00756",379.233906303966
"TRIP00757",382.962009766639
"TRIP00758",472.851321418572
"TRIP00759",NA
"TRIP00760",190.822575171981
"TRIP00761",204.55108934076
"TRIP00762",466.780232832427
"TRIP00763",256.071207065918
"TRIP00764",389.485321654184
"TRIP00765",225.271241705011
"TRIP00766",318.584659512204
"TRIP00767",387.085831547913
"TRIP00768",564.043545873626
"TRIP00769",510.136003901572
"TRIP00770",601.214305836052
"TRIP00771",357.71691404067
"TRIP00772",145.044241153343
"TRIP00773",475.242214254515
"TRIP00774",366.64753323021
"TRIP00775",364.921907732996
"TRIP00776",511.775073513865
"TRIP00777",470.596268951143
"TRIP00778",360.343938855814
"TRIP00779",417.778648272319
"TRIP00780",450.242111754315
"TRIP00781",330.222523900718
"TRIP00782",368.546357744982
"TRIP00783",389.934990427831
"TRIP00784",469.405039991361
"TRIP00785",215.438660699401
"TRIP00786",578.690586544614
"TRIP00787",419.853428181517
"TRIP00788",237.670249976906
"TRIP00789",463.555350573218
"TRIP00790",463.714071870353
"TRIP00791",409.704007588974
"TRIP00792",392.968999809692
"TRIP00793",432.107904914215
"TRIP00794",418.508734918021
"TRIP00795",246.489706767248
"TRIP00796",366.300611506
"TRIP00797",329.929589803448
"TRIP00798",368.360224231898
"TRIP00799",411.554435347185
"TRIP00800",NA
"TRIP00801",430.365970252007
"TRIP00802",305.028469341841
"TRIP00803",198.039659303815
"TRIP00804",540.000719266877
"TRIP00805",432.573199186281
"TRIP00806",370.28503865081
"TRIP00807",309.392199103906
"TRIP00808",547.029602890573
"TRIP00809",306.626672814525
"TRIP00810",353.023560540049
"TRIP00811",343.473818006047
"TRIP00812",388.862691980292
"TRIP00813",473.570907380485
"TRIP00814",NA
"TRIP00815",595.504137167345
"TRIP00816",285.779069157943
"TRIP00817",424.008905500837
"TRIP00818",339.668016828602
"TRIP00819",341.77472922512
"TRIP00820",419.478172916842
"TRIP00821",429.299643055807
"TRIP00822",278.171079545428
"TRIP00823",386.979629519069
"TRIP00824",281.508125428057
"TRIP00825",509.68437199116
"TRIP00826",646.543315947042
"TRIP00827",365.669192577834
"TRIP00828",465.494843474286
"TRIP00829",364.410207912348
"TRIP00830",625.985481214798
"TRIP00831",216.388531393223
"TRIP00832",341.591763975892
"TRIP00833",292.638773621299
"TRIP00834",346.342248327066
"TRIP00835",454.466624015292
"TRIP00836",295.638957309329
"TRIP00837",614.245812851901
"TRIP00838",316.203903402456
"TRIP00839",653.73434932359
"TRIP00840",391.410396122262
"TRIP00841",271.632682118207
"TRIP00842",334.683065510491
"TRIP00843",399.849231293733
"TRIP00844",386.474845732893
"TRIP00845",430.892983748636
"TRIP00846",458.748619040218
"TRIP00847",544.497722874069
"TRIP00848",463.127071015067
"TRIP00849",426.735474236186
"TRIP00850",215.883950827893
"TRIP00851",369.174165612021
"TRIP00852",491.93534829827
"TRIP00853",432.823755077716
"TRIP00854",594.032096940186
"TRIP00855",609.07597572871
"TRIP00856",492.161742329975
"TRIP00857",361.292484687025
"TRIP00858",415.322642926239
"TRIP00859",411.315353030199
"TRIP00860",498.853995454546
"TRIP00861",470.647637355767
"TRIP00862",424.926948299481
"TRIP00863",226.118349089051
"TRIP00864",443.855130013467
"TRIP00865",404.251306265428
"TRIP00866",298.746656544631
"TRIP00867",364.07977766821
"TRIP00868",385.340762119355
"TRIP00869",615.071942421594
"TRIP00870",386.659475417708
"TRIP00871",782.37929162992
"TRIP00872",268.710598807484
"TRIP00873",497.172020052364
"TRIP00874",261.210906712016
"TRIP00875",407.990169557834
"TRIP00876",469.930961471133
"TRIP00877",454.235333345412
"TRIP00878",405.363263155891
"TRIP00879",NA
"TRIP00880",207.546582961967
"TRIP00881",197.074233529545
"TRIP00882",343.155986798149
"TRIP00883",367.300317749233
"TRIP00884",299.087530695066
"TRIP00885",396.25190759767
"TRIP00886",377.420266454553
"TRIP00887",468.475449354462
"TRIP00888",344.69608699695
"TRIP00889",522.380047309831
"TRIP00890",280.061385834809
"TRIP00891",455.446556181237
"TRIP00892",415.980083163517
"TRIP00893",291.50733565007
"TRIP00894",340.661323954102
"TRIP00895",442.318632609857
"TRIP00896",539.902918148401
"TRIP00897",404.257445978022
"TRIP00898",344.103688991373
"TRIP00899",583.421384484796
"TRIP00900",263.954856451845
"TRIP00901",238.584372803059
"TRIP00902",152.822056120793
"TRIP00903",576.286112947045
"TRIP00904",470.06109463644
"TRIP00905",369.589727402084
"TRIP00906",311.672650957352
"TRIP00907",NA
"TRIP00908",515.321843823397
"TRIP00909",292.25803214607
"TRIP00910",211.907330226093
"TRIP00911",NA
"TRIP00912",451.177219803396
"TRIP00913",462.799238519766
"TRIP00914",433.551772274106
"TRIP00915",207.816952715409
"TRIP00916",452.780706464406
"TRIP00917",486.31887879186
"TRIP00918",370.33546746304
"TRIP00919",199.192660673315
"TRIP00920",626.667914859165
"TRIP00921",435.88660075792
"TRIP00922",286.264452962456
"TRIP00923",430.023486902964
"TRIP00924",478.428236416357
"TRIP00925",489.251864477919
"TRIP00926",437.74116233215
"TRIP00927",316.161106023857
"TRIP00928",431.955461921661
"TRIP00929",205.915575120298
"TRIP00930",231.677289899296
"TRIP00931",525.102607899674
"TRIP00932",237.205345423111
"TRIP00933",276.425502417973
"TRIP00934",401.261346583562
"TRIP00935",231.54868648469
"TRIP00936",240.667266752126
"TRIP00937",552.591021545896
"TRIP00938",323.656263183648
"TRIP00939",426.595044486896
"TRIP00940",418.259100639185
"TRIP00941",394.155651601287
"TRIP00942",454.56859292316
"TRIP00943",326.425817246095
"TRIP00944",719.749343345857
"TRIP00945",382.993652559024
"TRIP00946",470.390210718278
"TRIP00947",508.116391784668
"TRIP00948",436.778307517797
"TRIP00949",563.536219377256
"TRIP00950",345.836241855122
"TRIP00951",501.89617834718
"TRIP00952",434.240882972839
"TRIP00953",357.720354449378
"TRIP00954",424.070587539453
"TRIP00955",385.557224758844
"TRIP00956",580.011195608496
"TRIP00957",354.707312181417
"TRIP00958",NA
"TRIP00959",535.423075224828
"TRIP00960",640.795130563333
"TRIP00961",519.637331953176
"TRIP00962",493.662881397956
"TRIP00963",490.064250363001
"TRIP00964",764.079498850165
"TRIP00965",149.536944703902
"TRIP00966",273.236811740105
"TRIP00967",171.612652543459
"TRIP00968",603.511918498212
"TRIP00969",534.168884420787
"TRIP00970",315.591952559349
"TRIP00971",559.134696163056
"TRIP00972",207.37511439881
"TRIP00973",646.022495543568
"TRIP00974",324.174340191585
"TRIP00975",446.145976570234
"TRIP00976",466.834421158034
"TRIP00977",367.835063345837
"TRIP00978",466.681087168743
"TRIP00979",650.320420773869
"TRIP00980",547.641499139896
"TRIP00981",182.068985748073
"TRIP00982",762.646455127866
"TRIP00983",720.736782442652
"TRIP00984",437.706993251308
"TRIP00985",330.723698357959
"TRIP00986",179.129856734832
"TRIP00987",336.861824755482
"TRIP00988",341.194365531286
"TRIP00989",496.055863355972
"TRIP00990",361.129476742289
"TRIP00991",415.832640633011
"TRIP00992",210.226721275509
"TRIP00993",260.127127524321
"TRIP00994",298.570004661843
"TRIP00995",259.942341275757
"TRIP00996",391.281105330613
"TRIP00997",481.726016992885
"TRIP00998",394.117890333737
"TRIP00999",547.662927528503
"TRIP01000",546.59771188911
